Tipo;Passos;Tamanho da Busca - Custo;Tempo
DFS;117;521;4.555600600000162
BFS;39;545;4.0639006000001245
Dijkstra;39;38;5.60396209999999
