Tipo;Passos;Tamanho da Busca - Custo;Tempo
DFS;51;52;0.09981870000046911
BFS;49;600;5.279638600000908
Dijkstra;49;48;5.879920000001221
