Tipo,Passos,Tamanho da Busca - Custo,Tempo
DFS,117,521,4.614723900001991
BFS,39,545,4.101773099999264
Dijkstra,39,38,5.620659500000329
